ingredient,allergy
celery,celery free
celery salt,celery free
celery powder,celery free
celery seed,celery free
celery seed extract,celery free
celery root,celery free
celery juice,celery free
celery oil,celery free
celery stalks,celery free
celery leaves,celery free
dried celery,celery free
vegetable broth,celery free
vegetable powder,celery free
celery protein hydrolysate,celery free
celery-derived nitrates,celery free
seasoning mix,celery free
celeriac,celery free
bouillon extract,celery free
levisticum officinale,celery free
apium graveolens,celery free
lovage,celery free
ajmoda,celery free
indian celery seed,celery free
celery oleoresin,celery free
apiol,celery free
umbelliferone extract,celery free
celery seed oil,celery free
celery flavonoids,celery free
vegetable extracts,celery free
celery extract,celery free
celery hydrolysate,celery free
celery protein extract,celery free
celery essential oil,celery free
apium graveolens extract ,celery free
celeriac juice concentrate,celery free
celery seed oleoresin,celery free
sedanolide,celery free
sedanenolide,celery free
whole egg,egg free
egg whites,egg free
egg yolks,egg free
egg solids,egg free
egg powder,egg free
egg protein,egg free
egg albumin,egg free
egg lecithin,egg free
albumin,egg free
egg emulsifier,egg free
egg fat,egg free
egg shell powder,egg free
dried egg,egg free
ovomucin,egg free
ovomucoid,egg free
ovalbumin,egg free
ovoinhibitor,egg free
oviprotein,egg free
ovovitellin,egg free
egg white concentrate,egg free
egg white solids,egg free
egg white concentrate,egg free
hydrolyzed egg protein,egg free
ovoflavoprotein,egg free
egg white peptides,egg free
ovoflavin,egg free
egg protein hydrolysate,egg free
lupine flour,lupine free
lupine protein,lupine free
lupine fiber,lupine free
lupine starch,lupine free
lupine concentrate powder,lupine free
lupin extract,lupine free
lupin seed powder,lupine free
lupin seeds,lupine free
lupin oil,lupine free
hydrolyzed lupine protein,lupine free
lupine gum,lupine free
lupin-derived lecithin,lupine free
hydrolyzed lupine protein,lupine free
lupine-based gelling agents,lupine free
peruvian lupine,lupine free
lupin bean,lupine free
narrow-leafed lupine,lupine free
lupine isolate,lupine free
lupine hydrolysate,lupine free
lupine lecithin,lupine free
lupine-based emulsifier,lupine free
lupine seed flour,lupine free
lupine concentrate,lupine free
lupin hulls,lupine free
lupinus albus,lupine free
lupinus angustifolius,lupine free
lupinus mutabilis,lupine free
white lupine,lupine free
tahini,sesame free
sesame seeds,sesame free
sesame oil,sesame free
sesame paste,sesame free
sesame flour,sesame free
sesame protein,sesame free
sesame seed extract,sesame free
sesame lecithin,sesame free
sesame butter,sesame free
sesame seed powder,sesame free
sesame seed butter,sesame free
sesame oil emulsifier,sesame free
sesame protein hydrolysate,sesame free
sesame seed enriched oil,sesame free
gingelly oil,sesame free
til oil,sesame free
benne seeds,sesame free
benne oil,sesame free
almond oil,tree-nut free
almond butter,tree-nut free
almond paste,tree-nut free
almond flour,tree-nut free
walnut oil,tree-nut free
walnut butter,tree-nut free
walnut paste,tree-nut free
cashew butter,tree-nut free
cashew oil,tree-nut free
cashew paste,tree-nut free
pistachio oil,tree-nut free
pistachio butter,tree-nut free
pistachio paste,tree-nut free
pistachio flour,tree-nut free
hazelnut oil,tree-nut free
hazelnut butter,tree-nut free
hazelnut paste,tree-nut free
brazil nut oil,tree-nut free
brazil nut butter,tree-nut free
macadamia oil,tree-nut free
macadamia butter,tree-nut free
macadamia paste,tree-nut free
pine nut oil,tree-nut free
pine nut butter,tree-nut free
chestnut flour,tree-nut free
chestnut puree,tree-nut free
chestnut oil,tree-nut free
nut butters,tree-nut free
prunus amygdalus,tree-nut free
juglans regia,tree-nut free
anacardium occidentale,tree-nut free
pistacia vera,tree-nut free
filberta,tree-nut free
cobnuts,tree-nut free
corylus avellana,tree-nut free
bertholletia excelsa,tree-nut free
queensland nuts,tree-nut free
macadamia integrifolia,tree-nut free
pignoli,tree-nut free
castanea,tree-nut free
pinus,tree-nut free
marzipan,tree-nut free
nougat,tree-nut free
granola,tree-nut free
macadamia lecithin,tree-nut free
hazelnut lecithin,tree-nut free
almond starch,tree-nut free
cashew gel,tree-nut free
hazelnut gel,tree-nut free
almond milk,tree-nut free
cashew milk,tree-nut free
walnut protein isolate,tree-nut free
almond protein isolate,tree-nut free
cashew hydrolysate,tree-nut free
pistachio hydrolysate,tree-nut free
shrimp oil,crustacean free
dried shrimp,crustacean free
lobster extract,crustacean free
lobster paste,crustacean free
lobster oil,crustacean free
crab extract,crustacean free
crab paste,crustacean free
crab oil,crustacean free
prawn paste,crustacean free
prawn oil,crustacean free
dried prawn,crustacean free
langoustine paste,crustacean free
langoustine extract,crustacean free
crawfish paste,crustacean free
crawfish powder,crustacean free
crawfish oil,crustacean free
caridina extract,crustacean free
homarus extract,crustacean free
homaridae extract,crustacean free
scampi,crustacean free
surimi,crustacean free
crustacean hydrolysates,crustacean free
crustacean protein isolate,crustacean free
crustacean protein concentrate,crustacean free
krill oil,crustacean free
crustacean calcium,crustacean free
chitosan hydrochlorid,crustacean free
mollusk mix,crustacean free
soybean oil,soy free
soy protein,soy free
soy protein isolate,soy free
soy protein concentrate,soy free
soy flour,soy free
soy lecithin,soy free
fermented soybeans,soy free
soybean paste,soy free
soy sauce,soy free
tamari,soy free
miso,soy free
edamame,soy free
soy sprouts,soy free
young soybeans,soy free
tofu,soy free
shoyu,soy free
tofu extract,soy free
tofu paste,soy free
silken tofu,soy free
firm tofu,soy free
tamari,soy free
soy milk,soy free
green soybeans,soy free
soy cream,soy free
soy yogurt,soy free
teriyaki sauce,soy free
soy flour,soy free
soy concentrate powder,soy free
defatted soy flour,soy free
soybean flour,soy free
soybean grits,soy free
textured vegetable protein,soy free
tvp,soy free
soy tvp,soy free
textured soy protein,soy free
soy protein granules,soy free
soy hull powder,soy free
soy lecithin,soy free
soy peptide,soy free
miso,soy free
soy lecithin powder,soy free
soy lecithin liquid,soy free
hydrogenated soy oil,soy free
refined soy oil,soy free
soybean oil extract,soy free
soybean oil emulsifier,soy free
soy extract,soy free
soy isoflavones,soy free
soy concentrates,soy free
soybean extract,soy free
soy sauce,soy free
tempeh,soy free
light soy sauce,soy free
dark soy sauce,soy free
low-sodium soy sauce,soy free
whole mustard seeds,mustard free
mustard seed powder,mustard free
ground mustard,mustard free
yellow mustard seeds,mustard free
brown mustard seeds,mustard free
black mustard seeds,mustard free
mustard leaf powder,mustard free
mustard leaf essence,mustard free
mustard hulls,mustard free
cold-pressed mustard oil,mustard free
mustard seed oil,mustard free
refined mustard oil,mustard free
mustard extract,mustard free
mustard oil cake,mustard free
mustard bran,mustard free
mustard powder,mustard free
mustard seed mix,mustard free
mustard flour,mustard free
yellow mustard powder,mustard free
brown mustard powder,mustard free
mustard seed flour,mustard free
pickling spice blend,mustard free
ground mustard paste,mustard free
mustard sauce,mustard free
yellow mustard sauce,mustard free
honey mustard sauce,mustard free
dijon mustard,mustard free
spicy brown mustard,mustard free
hot dog mustard,mustard free
mustard dressing,mustard free
dried mustard greens,mustard free
mustard leaf,mustard free
mustard oil cake,mustard free
brassica nigra,mustard free
mustard extract,mustard free
brassica juncea,mustard free
mustard flavoring,mustard free
mustard essence,mustard free
sinapis alba,mustard free
mustard seed protein,mustard free
"brassica seeds,",mustard free
mustard protein isolate,mustard free
whole peanuts,peanut free
crushed peanuts,peanut free
roasted peanuts,peanut free
raw peanuts,peanut free
chopped peanuts,peanut free
peanut meal,peanut free
peanut oil,peanut free
refined peanut oil,peanut free
cold-pressed peanut oil,peanut free
hydrogenated peanut oil,peanut free
peanut extract,peanut free
peanut oil cake,peanut free
refined arachis oil,peanut free
peanut butter,peanut free
creamy peanut butter,peanut free
crunchy peanut butter,peanut free
peanut butter spread,peanut free
peanut butter powder,peanut free
peanut caramel,peanut free
peanut flour,peanut free
defatted peanut flour,peanut free
peanut protein powder,peanut free
peanut extract,peanut free
peanut essence,peanut free
peanut flavoring,peanut free
peanut pulp,peanut free
peanut spread,peanut free
arachis oil,peanut free
peanut protein,peanut free
peanut protein isolate,peanut free
peanut protein concentrate,peanut free
peanut granules,peanut free
peanut flour,peanut free
peanut butter powder,peanut free
peanut butter concentrate,peanut free
peanut protein flour,peanut free
peanut clusters,peanut free
peanut milk,peanut free
whole wheat flour,gluten free
white wheat flour,gluten free
unbleached wheat flour,gluten free
bleached wheat flour,gluten free
self-rising wheat flour,gluten free
high-gluten wheat flour,gluten free
durum wheat flour,gluten free
semolina,gluten free
cereal flour,gluten free
wheat starch,gluten free
wheat bran,gluten free
malted barley flour,gluten free
barley flour,gluten free
barley malt,gluten free
malted barley flour,gluten free
barley malt flour,gluten free
fettuccine,gluten free
rye flour,gluten free
kamut flour,gluten free
kamut bran,gluten free
whole rye flour,gluten free
wheat dextrin,gluten free
triticale flour,gluten free
bulgur grain,gluten free
wheat gluten,gluten free
spelt bran,gluten free
vital wheat gluten,gluten free
gluten flour,gluten free
wheat protein,gluten free
wheat gluten concentrate,gluten free
hydrolyzed wheat gluten,gluten free
maltodextrin,gluten free
malt,gluten free
couscous,gluten free
barley malt,gluten free
malt syrup,gluten free
malt extract,gluten free
malt powder,gluten free
maltose,gluten free
panko,gluten free
cereal extracts,gluten free
khorasan wheat,gluten free
barley extract,gluten free
wheat extract,gluten free
rye extract,gluten free
tempura batter,gluten free
beer batter,gluten free
seitan,gluten free
wheat starch (used in various processed foods),gluten free
couscous (made from wheat),gluten free
wheat bran (used in baked goods and as fiber),gluten free
whole milk,milk free
skim milk,milk free
low-fat milk,milk free
condensed milk,milk free
evaporated milk,milk free
powdered milk,milk free
ultra-pasteurized milk,milk free
raw milk,milk free
flavoured milk,milk free
milk fat,milk free
butterfat,milk free
heavy cream,milk free
whipping cream,milk free
light cream,milk free
half-and-half cream,milk free
clotted cream,milk free
sour cream,milk free
double cream,milk free
butter,milk free
lactose monohydrate,milk free
salted butter,milk free
unsalted butter,milk free
clarified butter,milk free
lactose hydrolysate,milk free
cheese,milk free
ghee,milk free
"soft cheese (brie, camembert)",milk free
ricotta,milk free
cream cheese,milk free
cottage cheese,milk free
mozzarella,milk free
cheddar cheese,milk free
swiss cheese,milk free
parmesan,milk free
provolone,milk free
american cheese,milk free
blue cheese,milk free
feta cheese,milk free
ricotta cheese,milk free
cheese powder,milk free
sorbet,milk free
yogurt,milk free
milk sugar,milk free
regular yogurt,milk free
greek yogurt,milk free
flavored yogurt,milk free
frozen yogurt,milk free
probiotic yogurt,milk free
processed cheese,milk free
milk protein isolate,milk free
milk-based powder,milk free
creamed fillings,milk free
milk powder,milk free
nonfat dry milk,milk free
whey powder,milk free
casein,milk free
whey protein concentrate,milk free
whey protein isolate,milk free
milk protein concentrate,milk free
whey and casein products,milk free
alfredo sauce,milk free
whey protein,milk free
whey concentrate,milk free
whey isolate,milk free
cheese sauce,milk free
milk-based additives,milk free
lactylates,milk free
lactose,milk free
lactalbumin,milk free
lactoglobulin,milk free
milk solids,milk free
milk protein concentrate,milk free
lactose ester,milk free
milk chocolate,milk free
milk-based coffee creamer,milk free
powdered creamer,milk free
liquid coffee creamers,milk free
milk-derived glaze,milk free
clarified butter,milk free
milk-derived gums,milk free
milk-based caramels,milk free
milk-based toffees,milk free
milk chocolate candies,milk free
candy bars with milk fillings,milk free
milk solids,milk free
milk protein,milk free
whole milk powder,milk free
milk powder (nonfat),milk free
sorbetto,milk free
salmon,fish free
tuna,fish free
cod,fish free
haddock,fish free
mackerel,fish free
trout,fish free
sardines,fish free
halibut,fish free
anchovies,fish free
swordfish,fish free
grouper,fish free
pollock,fish free
flounder,fish free
bass,fish free
tilapia,fish free
snapper,fish free
fish oil,fish free
fish protein hydrolysate,fish free
fish sauce,fish free
anchovy paste,fish free
fish stock,fish free
fish paste,fish free
fish gelatin,fish free
fish powder,fish free
fish roe,fish free
caviar,fish free
surimi,fish free
unagi,fish free
maguro,fish free
saba,fish free
fish-derived collagen,fish free
fish-derived gelatin,fish free
fish-derived isinglass,fish free
fish meal,fish free
cod liver oil,fish free
salmon oil,fish free
fish liver oil,fish free
omega-3 fish oil,fish free
fish sauce,fish free
worcestershire sauce,fish free
canned tuna,fish free
anchovy paste,fish free
anchovies,fish free
ebi,fish free
herring oil,fish free
mackerel oil,fish free
anchovy oil,fish free
trout oil,fish free
halibut oil,fish free
sardine oil,fish free
sushi,fish free
sashimi,fish free
maki rolls,fish free
salmon roe,fish free
anchovy marinade,fish free
fish-flavored brine,fish free
fish oil capsules,fish free
cod liver oil,fish free
fish-based omega-3 supplements,fish free
katsuo,fish free
fish extracts,fish free
fish stock powder,fish free
fish essence,fish free
anchovy sauce,fish free
thai fish sauce,fish free
nam pla ,fish free
nuoc mam,fish free
toned milk,milk free
